{
    "sprt": {
        "normal_rate": 0.026506098833217265,
        "ransomware_rate": 0.07660825751819825,
        "min_samples_for_h1": 5,
        "alpha": 0.05,
        "beta": 0.1
    },
    "score": {
        "kill_threshold": 43,
        "high_risk_threshold": 23,
        "entropy_weight_max": 30,
        "kl_weight_max": 20,
        "sprt_weight": 50,
        "fpr_at_threshold": 0.032,
        "fnr_at_threshold": 0.0104,
        "calibration_method": "rf_probability_threshold"
    },
    "random_forest": {
        "f1_scores": 0.9922149467280675,
        "precision_scores": 0.9906751352879086,
        "recall_scores": 0.9937614227738107,
        "accuracy_scores": 0.9896532393570355
    },
    "filesystem": {
        "fchmod": {
            "p99": 1.0,
            "p95": 0.0,
            "p90": 0.0
        },
        "unlink": {
            "p99": 8.0,
            "p95": 6.0,
            "p90": 3.0
        },
        "chmod": {
            "p99": 10.0,
            "p95": 8.849999999999909,
            "p90": 6.0
        },
        "fsync": {
            "p99": 7.0,
            "p95": 5.0,
            "p90": 4.0
        }
    }
}